Blush, Nail Polish, Brushes, Concealer, Bronzer, Lip liner, Mascara, Eyeliner
Nail Polish, Concealer, Bronzer, Lip liner, Foundation, Lip Gloss
Blush, Concealer, Eyebrow Pencils, Bronzer, Lip liner, Mascara, Eye shadow, Foundation, Lip Gloss, Lipstick
Nail Polish, Brushes, Concealer, Bronzer, Foundation, Eyeliner
Blush, Concealer, Bronzer, Lip liner, Mascara, Eye shadow, Lip Gloss, Lipstick
Concealer, Eyeliner
Blush, Nail Polish, Brushes, Concealer, Bronzer, Lip liner, Mascara, Eye shadow, Foundation, Lip Gloss
Nail Polish, Brushes, Bronzer, Mascara, Eye shadow, Lip Gloss
Concealer, Foundation, Lipstick
Bag, Blush, Nail Polish, Brushes, Mascara, Eye shadow
Nail Polish, Bronzer, Lip Gloss, Lipstick, Eyeliner
Nail Polish, Brushes, Concealer, Bronzer, Mascara, Eye shadow, Foundation
Blush, Concealer, Lip liner, Mascara, Eye shadow, Lip Gloss
Blush, Nail Polish, Brushes, Concealer, Bronzer, Lip liner, Mascara, Eye shadow, Foundation, Lip Gloss, Lipstick
Blush, Concealer, Bronzer, Lip liner, Mascara, Eye shadow, Foundation, Lip Gloss, Lipstick, Eyeliner
Nail Polish, Brushes, Concealer, Bronzer, Lip liner, Mascara, Eye shadow, Foundation, Lip Gloss, Lipstick, Eyeliner
Bag, Blush, Nail Polish, Brushes, Concealer, Bronzer, Lip liner, Mascara, Eye shadow, Eyeliner
Concealer, Foundation, Lip Gloss, Lipstick, Eyeliner
Blush, Nail Polish, Concealer, Eyebrow Pencils, Mascara, Eye shadow, Lipstick
Blush, Concealer, Bronzer, Mascara, Foundation, Lipstick, Eyeliner
Blush, Concealer, Eyebrow Pencils, Bronzer, Lip liner, Mascara, Eye shadow, Foundation, Lip Gloss, Lipstick, Eyeliner
Foundation, Lip Gloss, Lipstick
Blush, Concealer, Bronzer, Lip liner
Bronzer, Mascara, Eye shadow, Foundation, Lipstick
Blush, Bronzer, Lip liner, Lipstick, Eyeliner
Bronzer, Lip Gloss, Lipstick
Nail Polish, Concealer, Mascara, Foundation, Lip Gloss, Lipstick, Eyeliner
Bag, Blush, Nail Polish, Brushes, Concealer, Bronzer, Lip liner, Mascara, Eye shadow, Foundation, Lip Gloss, Lipstick, Eyeliner
Nail Polish, Brushes, Bronzer, Lip liner, Eye shadow, Lipstick
Blush, Nail Polish, Brushes, Concealer, Bronzer, Mascara, Eye shadow, Foundation, Lipstick, Eyeliner
Blush, Bronzer, Mascara, Eye shadow, Lip Gloss, Eyeliner
Nail Polish, Brushes, Concealer, Bronzer, Lip liner, Mascara, Eye shadow, Foundation, Lip Gloss, Eyeliner
Blush, Nail Polish, Brushes, Concealer, Bronzer, Lip liner, Mascara, Eye shadow, Lip Gloss, Eyeliner
Blush, Bronzer, Foundation, Lipstick
Blush, Concealer, Bronzer, Mascara, Eye shadow, Lip Gloss, Eyeliner
Blush, Bronzer, Mascara, Eye shadow, Foundation, Eyeliner
Nail Polish, Brushes, Concealer, Mascara, Eye shadow, Lipstick, Eyeliner
Lipstick
Bag, Blush, Nail Polish, Brushes, Concealer, Bronzer, Lip liner, Foundation, Lip Gloss, Lipstick, Eyeliner
Bronzer, Lip Gloss, Eyeliner
Nail Polish, Lip liner, Lip Gloss
Nail Polish, Brushes, Concealer, Bronzer, Mascara, Eye shadow, Lip Gloss, Eyeliner
Blush, Nail Polish, Concealer, Bronzer, Lip liner, Mascara, Eye shadow, Foundation, Lip Gloss, Lipstick, Eyeliner
Blush, Nail Polish, Brushes, Concealer, Bronzer, Mascara, Eye shadow, Foundation, Lipstick, Eyeliner
Blush, Concealer, Bronzer, Mascara, Eye shadow, Foundation, Eyeliner
Blush, Concealer, Bronzer, Mascara, Eye shadow, Foundation, Lip Gloss, Eyeliner
Blush, Nail Polish, Bronzer, Mascara, Eye shadow, Lip Gloss, Eyeliner
Blush, Nail Polish, Brushes, Concealer, Bronzer, Lip liner, Eyeliner
Bag, Nail Polish, Concealer, Bronzer, Mascara, Foundation, Lipstick, Eyeliner
Bag, Blush, Nail Polish, Brushes, Concealer, Bronzer, Lip liner, Mascara, Eye shadow, Lip Gloss, Eyeliner
Foundation, Lip Gloss
Concealer, Mascara, Eye shadow, Foundation, Lip Gloss, Eyeliner
Concealer, Bronzer, Lip liner, Foundation, Lip Gloss, Lipstick, Eyeliner
Blush, Nail Polish, Brushes, Concealer, Bronzer, Lip liner, Mascara, Eye shadow, Lip Gloss
Concealer, Bronzer, Lip liner, Mascara, Eye shadow, Eyeliner
Nail Polish, Brushes, Concealer, Bronzer, Lip liner, Mascara, Eye shadow, Lipstick, Eyeliner
Blush, Nail Polish, Brushes, Concealer, Eyebrow Pencils, Bronzer, Lip Gloss
Blush, Nail Polish, Brushes, Concealer, Bronzer, Lip liner, Mascara, Eye shadow, Foundation, Lip Gloss, Eyeliner
Blush, Nail Polish, Brushes, Concealer, Bronzer, Foundation, Lip Gloss
Eyebrow Pencils, Bronzer, Lip Gloss, Lipstick
Concealer, Lip liner, Mascara, Eye shadow, Foundation
Blush, Concealer, Foundation, Lip Gloss, Eyeliner
Nail Polish, Foundation, Lip Gloss
Blush, Nail Polish, Brushes, Concealer, Bronzer, Lip liner, Mascara, Eyeliner
Blush, Nail Polish, Brushes, Bronzer, Lip liner, Mascara, Eye shadow, Foundation, Lip Gloss
Bronzer, Mascara, Eye shadow, Lip Gloss, Lipstick
Bag, Foundation, Lip Gloss, Eyeliner
Bag, Nail Polish, Brushes, Lip liner, Mascara, Eye shadow, Lip Gloss, Eyeliner
Concealer, Mascara, Eye shadow, Lipstick
Blush, Concealer, Bronzer, Lip liner, Mascara, Eye shadow, Foundation, Lip Gloss, Eyeliner
Nail Polish, Brushes, Concealer, Foundation, Lip Gloss
Nail Polish, Brushes, Concealer, Eyeliner
Nail Polish, Brushes, Concealer, Bronzer, Lip liner, Mascara, Eye shadow, Foundation, Lip Gloss, Eyeliner
Blush, Nail Polish, Brushes, Concealer, Bronzer, Mascara, Eye shadow, Foundation, Lipstick
Concealer, Bronzer, Lip liner, Mascara, Eye shadow, Lip Gloss, Eyeliner
Bronzer, Lip Gloss, Lipstick, Eyeliner
Concealer, Foundation, Lip Gloss, Lipstick, Eyeliner
Blush, Nail Polish, Brushes, Concealer, Bronzer, Lip liner, Eyeliner
Mascara, Eye shadow, Foundation, Lip Gloss
Blush, Nail Polish, Brushes, Concealer, Eyebrow Pencils, Bronzer, Lip liner, Mascara, Eye shadow, Foundation, Lip Gloss, Lipstick
Nail Polish, Brushes, Concealer, Bronzer, Lip liner, Eye shadow, Lipstick, Eyeliner
Blush, Concealer, Bronzer, Mascara, Eye shadow, Foundation, Lip Gloss, Eyeliner
Concealer, Foundation, Lip Gloss, Lipstick, Eyeliner
Bag, Concealer, Mascara, Eye shadow, Foundation, Lip Gloss
Bag, Nail Polish, Brushes, Concealer, Mascara, Foundation, Lip Gloss
Blush, Concealer, Foundation, Lip Gloss, Eyeliner
Blush, Nail Polish
Concealer, Mascara, Eye shadow
Blush, Nail Polish, Brushes, Concealer, Bronzer, Lip liner, Eyeliner
Nail Polish, Brushes, Concealer, Bronzer, Lip Gloss, Eyeliner
Blush, Nail Polish, Concealer, Lip liner, Mascara, Eye shadow, Lip Gloss, Eyeliner
Blush, Concealer, Foundation, Lip Gloss, Eyeliner
Blush, Eye shadow, Foundation, Lip Gloss, Eyeliner
Nail Polish, Brushes, Concealer, Bronzer, Lip liner, Eyeliner
Lip liner, Lip Gloss, Eyeliner
Blush, Concealer, Lip liner, Mascara, Eye shadow, Lipstick
Blush, Concealer, Mascara, Eye shadow, Foundation, Lip Gloss, Eyeliner
Blush, Nail Polish, Brushes, Concealer, Bronzer, Mascara, Eye shadow, Foundation, Lip Gloss, Eyeliner
Blush, Bronzer, Foundation
Blush, Nail Polish, Brushes, Concealer, Bronzer, Lip liner, Lip Gloss
Blush, Bronzer, Foundation
Bronzer, Mascara, Eye shadow, Foundation, Lip Gloss
Blush, Nail Polish, Brushes, Concealer, Bronzer, Lip liner, Mascara, Eye shadow
Blush, Concealer, Bronzer, Mascara, Eye shadow, Foundation, Eyeliner
Blush, Nail Polish, Brushes, Concealer, Bronzer, Mascara, Eye shadow, Lip Gloss, Eyeliner
Blush, Bronzer, Lip Gloss, Eyeliner
Nail Polish, Brushes, Mascara, Eye shadow, Foundation, Lip Gloss, Lipstick
Concealer, Bronzer, Lip liner, Lip Gloss
Nail Polish, Mascara, Foundation, Lip Gloss, Lipstick
Bag, Blush, Nail Polish, Brushes, Concealer, Bronzer, Lip liner, Mascara, Eye shadow, Foundation, Lip Gloss, Eyeliner
Foundation, Lip Gloss
Concealer, Foundation, Lip Gloss, Lipstick
Concealer, Lipstick, Eyeliner
Blush, Concealer, Foundation, Eyeliner
Blush
Bag, Blush, Nail Polish, Concealer, Bronzer, Mascara, Eye shadow, Lip Gloss, Eyeliner
Nail Polish, Brushes, Eyebrow Pencils, Bronzer, Foundation, Lip Gloss
Concealer, Eye shadow, Foundation, Lip Gloss
Blush, Concealer, Bronzer, Lip liner, Foundation, Lip Gloss, Lipstick, Eyeliner
Blush, Nail Polish, Brushes, Concealer, Bronzer, Lip liner, Lip Gloss, Eyeliner
Blush, Bronzer, Mascara, Eye shadow, Lip Gloss
Bag, Concealer, Mascara, Eye shadow, Foundation, Lip Gloss, Lipstick, Eyeliner
Bag, Nail Polish, Brushes, Bronzer, Foundation
Bag, Concealer, Mascara, Foundation, Lip Gloss, Lipstick, Eyeliner
Nail Polish, Concealer, Foundation, Lipstick
Blush, Concealer, Lip liner, Mascara, Eye shadow, Lip Gloss, Lipstick, Eyeliner
Nail Polish, Concealer, Eyeliner
Nail Polish, Brushes, Eyebrow Pencils, Mascara, Eye shadow, Eyeliner
Blush, Concealer, Eyeliner
Blush, Nail Polish, Brushes, Concealer, Lip liner, Foundation
Blush, Nail Polish, Concealer, Eyebrow Pencils, Bronzer, Foundation, Lipstick, Eyeliner
Bag, Blush, Concealer, Bronzer, Mascara, Eye shadow, Lip Gloss
Nail Polish, Brushes, Bronzer, Lip Gloss, Lipstick
Blush, Nail Polish, Brushes, Concealer, Bronzer, Lip liner, Mascara, Eye shadow, Lipstick, Eyeliner
Mascara, Eye shadow, Foundation, Lip Gloss
Blush, Bronzer, Mascara, Eye shadow, Foundation, Lipstick
Eye shadow, Foundation, Lip Gloss
Bag, Blush, Concealer, Bronzer, Lip liner
Lipstick, Eyeliner
Blush, Concealer, Lip liner, Foundation, Eyeliner
Bronzer, Lip Gloss, Eyeliner
Blush, Nail Polish, Mascara, Eye shadow
Bronzer, Eye shadow, Foundation
Blush, Nail Polish, Concealer, Bronzer, Lip liner, Mascara, Eye shadow, Foundation, Lip Gloss, Lipstick
Lipstick, Eyeliner
Concealer, Bronzer, Lip liner, Foundation, Lip Gloss, Eyeliner
Blush, Nail Polish, Brushes, Concealer, Eyebrow Pencils, Bronzer, Lip liner, Mascara, Eye shadow, Lipstick, Eyeliner
Nail Polish, Brushes, Concealer, Bronzer, Lip liner, Mascara, Eyeliner
Blush, Mascara, Foundation, Lip Gloss
Blush, Concealer, Lip liner, Mascara, Eye shadow, Foundation, Eyeliner
Nail Polish, Concealer, Eye shadow, Foundation, Lip Gloss, Eyeliner
Bag, Blush, Concealer, Bronzer, Lip liner, Mascara, Eye shadow, Foundation, Lip Gloss, Eyeliner
Blush, Concealer, Bronzer, Lip liner, Lip Gloss, Lipstick, Eyeliner
Blush, Concealer, Bronzer, Lip liner, Mascara, Eye shadow
Bronzer, Lip liner, Lip Gloss, Lipstick
Eyebrow Pencils, Eye shadow
Concealer, Foundation, Lip Gloss
Bag, Blush, Concealer, Lip liner, Lip Gloss, Eyeliner
Blush, Nail Polish, Brushes, Concealer, Bronzer, Lip liner, Mascara, Eye shadow, Foundation, Lip Gloss, Eyeliner
Nail Polish, Concealer, Lip liner, Lipstick, Eyeliner
Nail Polish, Brushes, Bronzer, Foundation, Lipstick
Blush, Concealer, Bronzer, Lip liner, Mascara, Eye shadow, Foundation, Lip Gloss
Nail Polish, Brushes, Bronzer, Foundation, Lipstick
Mascara, Eye shadow, Foundation, Lip Gloss
Blush, Eyebrow Pencils, Foundation
Nail Polish, Brushes, Concealer, Bronzer, Lip liner, Lipstick, Eyeliner
Blush, Concealer, Lip liner, Mascara, Eye shadow, Lipstick, Eyeliner
Lipstick, Eyeliner
Concealer, Foundation, Lip Gloss, Eyeliner
Bronzer, Mascara, Foundation, Lipstick
Concealer, Bronzer, Mascara, Eye shadow, Foundation, Eyeliner
Concealer, Bronzer, Mascara, Eye shadow, Lip Gloss, Lipstick, Eyeliner
Blush, Lip liner, Foundation
Nail Polish, Brushes, Bronzer, Foundation, Lip Gloss, Lipstick
Blush, Nail Polish, Concealer, Bronzer, Lip liner, Foundation, Lip Gloss, Eyeliner
Concealer, Bronzer, Lip liner, Mascara, Eye shadow, Lipstick
Blush, Nail Polish, Brushes, Concealer, Bronzer, Mascara, Eye shadow, Foundation, Eyeliner
Mascara, Eye shadow, Foundation, Lip Gloss
Nail Polish, Brushes, Concealer, Foundation, Lip Gloss, Eyeliner
Concealer, Lip liner, Foundation, Eyeliner
Blush, Concealer, Eyebrow Pencils, Bronzer, Eye shadow, Foundation, Eyeliner
Blush, Concealer, Bronzer, Foundation, Eyeliner
Concealer, Eye shadow, Foundation, Lip Gloss
Nail Polish, Brushes, Bronzer, Mascara, Eye shadow, Lip Gloss
Blush, Nail Polish, Brushes, Concealer, Bronzer, Lip liner, Mascara, Eye shadow, Foundation, Lip Gloss, Eyeliner
Blush, Nail Polish, Brushes, Concealer, Bronzer, Foundation, Lip Gloss, Lipstick
Concealer, Bronzer, Lip Gloss, Eyeliner
Concealer, Bronzer, Mascara, Eye shadow, Foundation, Eyeliner
Bag, Bronzer, Mascara, Eye shadow, Lip Gloss, Eyeliner
Concealer, Bronzer, Lip liner, Mascara, Eye shadow, Eyeliner
Blush, Concealer, Bronzer, Lip liner
Mascara, Eye shadow, Foundation, Lip Gloss, Lipstick, Eyeliner
Concealer, Mascara, Foundation, Lip Gloss, Eyeliner
Blush, Concealer, Lip liner, Mascara, Eye shadow, Lip Gloss, Eyeliner
Nail Polish, Brushes, Bronzer, Lip Gloss, Lipstick, Eyeliner
Nail Polish, Brushes, Bronzer, Mascara, Eye shadow, Foundation
Foundation, Lip Gloss, Lipstick, Eyeliner
Concealer, Eyeliner
Nail Polish, Lip liner, Lip Gloss
Bronzer, Lip liner, Lipstick, Eyeliner
Blush
Foundation, Lip Gloss, Lipstick, Eyeliner
Bronzer, Mascara, Eye shadow, Lip Gloss, Lipstick
Concealer, Bronzer, Lip Gloss, Lipstick, Eyeliner
Blush, Concealer, Bronzer, Eye shadow, Foundation, Lipstick, Eyeliner
Nail Polish, Mascara, Eye shadow
Blush, Concealer, Bronzer, Foundation, Lipstick
Mascara, Eye shadow
Blush, Concealer, Bronzer, Lip liner, Lipstick
Blush, Concealer, Bronzer, Lip liner, Mascara, Eye shadow, Lipstick, Eyeliner
Blush, Mascara, Eye shadow, Lipstick
Blush, Bronzer, Lip Gloss, Lipstick
Bag, Blush, Foundation
Concealer, Bronzer, Lip liner, Mascara, Eye shadow, Foundation, Lip Gloss, Eyeliner
Concealer, Eyeliner
Concealer, Foundation, Lip Gloss
Nail Polish, Concealer, Mascara, Eye shadow, Foundation, Lip Gloss, Eyeliner
Concealer, Lip liner, Foundation
Nail Polish, Brushes, Bronzer, Lip liner, Eye shadow, Eyeliner
Bag, Nail Polish, Brushes, Concealer, Bronzer, Lip liner, Mascara, Eyeliner
Foundation, Lip Gloss, Lipstick
Blush, Concealer, Mascara, Eye shadow, Eyeliner
Blush, Concealer, Lip liner, Lip Gloss
Nail Polish, Concealer, Lip liner, Foundation, Eyeliner
Blush, Lip liner, Mascara, Eye shadow, Lip Gloss, Eyeliner
Blush, Nail Polish, Concealer
Blush, Nail Polish, Brushes, Concealer, Bronzer, Lip liner, Mascara, Eye shadow, Lip Gloss, Lipstick, Eyeliner
Bag, Nail Polish, Brushes, Concealer, Eyebrow Pencils, Lip liner, Lip Gloss, Lipstick
Blush, Concealer, Mascara, Eye shadow, Eyeliner
Nail Polish, Brushes, Bronzer, Lip liner, Foundation, Lip Gloss
Concealer, Eyebrow Pencils, Mascara, Eye shadow, Lipstick, Eyeliner
Foundation, Lip Gloss, Eyeliner
Concealer, Mascara, Eye shadow, Foundation, Lip Gloss, Eyeliner
Blush, Nail Polish, Brushes, Concealer, Bronzer, Lip liner, Mascara, Eye shadow, Foundation, Lip Gloss, Eyeliner
Blush, Concealer, Eyeliner
Concealer
Nail Polish, Brushes, Concealer
Bag, Blush, Concealer, Mascara, Foundation, Lip Gloss, Eyeliner
Bag, Blush, Nail Polish, Brushes, Concealer, Bronzer, Lip liner, Mascara, Eye shadow, Foundation, Lip Gloss
Blush, Nail Polish, Brushes, Concealer, Bronzer, Lip liner, Mascara, Eye shadow, Eyeliner
Blush, Lipstick
Eye shadow, Foundation, Lip Gloss, Lipstick, Eyeliner
Blush, Nail Polish, Brushes, Mascara, Eye shadow, Foundation, Lip Gloss, Lipstick
Blush, Concealer, Eye shadow, Foundation, Lip Gloss, Eyeliner
Blush, Concealer, Lip liner, Lip Gloss, Eyeliner
Bag, Blush, Concealer, Eyebrow Pencils, Mascara, Eye shadow, Eyeliner
Concealer, Bronzer, Lip liner, Mascara, Eye shadow
Bag, Nail Polish
Nail Polish, Brushes, Bronzer, Foundation
Concealer, Bronzer, Lip liner, Mascara, Eye shadow, Eyeliner
Concealer, Bronzer, Foundation, Eyeliner
Bronzer, Mascara, Eye shadow, Foundation
Eye shadow, Foundation, Lip Gloss, Eyeliner
Concealer, Mascara, Eye shadow
Blush, Foundation, Lip Gloss, Lipstick
Concealer, Eyeliner
Blush, Concealer, Bronzer, Lip liner, Foundation, Lip Gloss
Nail Polish, Brushes, Mascara, Eye shadow, Lipstick
Foundation, Lip Gloss
Nail Polish, Mascara, Eye shadow, Lipstick
Nail Polish, Bronzer, Foundation
Concealer, Mascara, Eye shadow, Foundation, Lip Gloss, Lipstick
Nail Polish, Brushes, Concealer, Bronzer, Lip liner
Nail Polish, Brushes, Mascara, Eye shadow, Eyeliner
Eyeliner
Lip liner, Lip Gloss
Blush, Nail Polish, Concealer, Foundation, Lip Gloss, Lipstick
Mascara, Eye shadow
Nail Polish, Foundation, Lipstick
Mascara, Eye shadow, Foundation, Lip Gloss
Blush, Nail Polish, Brushes, Bronzer, Foundation
Concealer, Lipstick, Eyeliner
Nail Polish, Foundation, Lipstick
Blush, Lipstick
Mascara, Eye shadow, Foundation, Lip Gloss, Lipstick, Eyeliner
Nail Polish, Brushes, Bronzer, Mascara, Eye shadow, Lip Gloss
Blush, Nail Polish, Concealer, Bronzer, Mascara, Eye shadow, Lip Gloss
Blush, Bronzer, Lip liner, Mascara, Eye shadow
Blush, Concealer, Mascara, Eye shadow, Eyeliner
Foundation, Lip Gloss, Eyeliner
Nail Polish, Brushes, Bronzer, Foundation
Blush, Bronzer, Lip liner, Mascara, Eye shadow, Foundation, Lip Gloss, Lipstick
Blush, Concealer, Mascara, Eye shadow, Foundation, Lip Gloss, Lipstick, Eyeliner
Blush, Nail Polish, Concealer, Eyebrow Pencils, Bronzer, Lip liner, Eyeliner
Foundation, Lip Gloss, Eyeliner
Blush, Concealer, Eyeliner
Concealer, Foundation, Lip Gloss, Eyeliner
Concealer, Lipstick
Foundation, Lipstick
Concealer, Bronzer, Lip liner, Mascara, Lipstick, Eyeliner
Eyebrow Pencils, Foundation, Lipstick
Blush, Concealer, Bronzer, Lip liner, Mascara, Eye shadow, Eyeliner
Lipstick, Eyeliner
Blush, Concealer, Mascara, Eye shadow, Foundation, Lip Gloss, Lipstick, Eyeliner
Concealer, Mascara, Eye shadow, Foundation, Lip Gloss, Lipstick, Eyeliner
Blush, Concealer, Lip liner, Mascara, Eye shadow, Foundation
Concealer, Foundation, Lip Gloss, Eyeliner
Blush, Concealer, Bronzer, Lip liner, Mascara, Eye shadow, Lipstick, Eyeliner
Bag, Blush, Nail Polish, Concealer, Bronzer, Lip liner, Mascara, Eye shadow, Foundation, Lip Gloss
Nail Polish, Brushes, Bronzer, Lip liner, Mascara, Eye shadow
Blush, Concealer, Bronzer, Foundation, Eyeliner
Blush, Concealer, Mascara, Eye shadow, Foundation, Lipstick, Eyeliner
Nail Polish, Brushes, Concealer, Bronzer, Lip liner, Mascara, Eye shadow, Eyeliner
Brushes, Lip liner
Eye shadow, Foundation, Lip Gloss
Nail Polish, Brushes, Concealer, Bronzer, Foundation
Concealer, Bronzer, Mascara, Eye shadow, Foundation, Eyeliner
Eye shadow, Foundation, Lip Gloss
Bag, Blush, Foundation, Lip Gloss, Lipstick, Eyeliner
Blush, Lipstick
Foundation, Lip Gloss
Blush, Nail Polish, Concealer, Mascara, Eye shadow, Lipstick, Eyeliner
Concealer, Lip liner, Lipstick, Eyeliner
Concealer
Concealer, Lip liner, Lip Gloss, Eyeliner
Concealer, Eyeliner
Blush, Concealer, Mascara, Eye shadow, Foundation, Lip Gloss
Bronzer, Lip Gloss, Eyeliner
Foundation, Lip Gloss
Concealer, Bronzer, Mascara, Foundation, Eyeliner
Blush
Nail Polish, Concealer, Bronzer, Foundation, Lipstick
Blush, Concealer, Bronzer, Mascara, Eye shadow, Lip Gloss, Eyeliner
Nail Polish, Brushes, Bronzer, Foundation
Lip liner, Mascara, Eye shadow, Lip Gloss, Lipstick
Concealer
Foundation, Lip Gloss
Mascara, Eye shadow, Foundation, Lip Gloss
Mascara, Eye shadow
Blush, Nail Polish, Brushes, Concealer, Bronzer, Lip liner
Blush, Bronzer, Lip liner, Mascara, Eye shadow
Foundation, Lip Gloss
Nail Polish, Lipstick, Eyeliner
Concealer, Mascara, Eye shadow, Foundation, Lip Gloss, Lipstick, Eyeliner
Concealer, Bronzer, Lip liner, Mascara, Eye shadow, Foundation, Lip Gloss, Lipstick
Blush, Nail Polish, Brushes, Concealer, Eyebrow Pencils, Mascara, Eye shadow, Foundation, Lip Gloss, Lipstick, Eyeliner
Nail Polish, Brushes, Concealer, Bronzer, Eye shadow, Foundation, Eyeliner
Bag, Blush, Nail Polish, Brushes, Concealer, Mascara, Eye shadow, Foundation, Lip Gloss
Nail Polish, Bronzer, Lip Gloss
Bag, Blush, Concealer, Mascara, Eye shadow, Foundation, Lip Gloss
Nail Polish, Eye shadow, Foundation, Lip Gloss
Concealer, Foundation, Lip Gloss
Eye shadow, Foundation, Lip Gloss, Lipstick
Blush, Nail Polish, Brushes, Concealer, Lip liner, Mascara, Eye shadow, Foundation
Blush
Blush, Concealer, Foundation
Blush, Nail Polish, Brushes, Concealer, Bronzer, Lip liner, Eyeliner
Blush, Concealer, Foundation, Lip Gloss, Eyeliner
Mascara, Eye shadow, Foundation, Lip Gloss
Blush, Lipstick
Blush, Nail Polish, Eyebrow Pencils, Foundation
Blush, Concealer, Eyeliner
Concealer, Bronzer, Lip liner, Mascara, Eye shadow, Eyeliner
Nail Polish, Concealer, Lip liner, Foundation, Lipstick, Eyeliner
Nail Polish
Blush, Nail Polish, Brushes, Concealer, Eyebrow Pencils, Bronzer, Mascara, Eye shadow, Foundation, Lipstick
Bronzer, Foundation, Lip Gloss
Bronzer, Lip Gloss, Lipstick
Concealer, Mascara, Eye shadow, Lipstick
Foundation, Lip Gloss
Blush, Nail Polish, Brushes, Concealer, Bronzer, Lip liner, Lipstick, Eyeliner
Eye shadow, Foundation, Lip Gloss, Eyeliner
Blush, Concealer, Bronzer, Lip Gloss, Eyeliner
Bronzer, Lip Gloss
Concealer, Bronzer, Lip liner, Foundation, Lip Gloss, Eyeliner
Blush, Concealer, Foundation
Foundation, Lip Gloss
Blush, Concealer, Lip liner, Mascara, Eye shadow, Lip Gloss, Lipstick, Eyeliner
Blush, Concealer, Eye shadow, Foundation, Lip Gloss, Lipstick, Eyeliner
Blush, Nail Polish, Concealer, Mascara, Eye shadow, Foundation, Lipstick, Eyeliner
Bag, Nail Polish, Concealer
Blush, Nail Polish, Concealer, Lip liner, Lip Gloss
Blush, Nail Polish, Concealer, Bronzer, Lip Gloss
Bronzer, Foundation, Lip Gloss, Eyeliner
Blush, Concealer, Mascara, Eye shadow, Eyeliner
Blush, Nail Polish, Concealer, Bronzer, Mascara, Eye shadow, Lip Gloss
Foundation, Lip Gloss
Blush, Nail Polish, Brushes, Concealer, Bronzer, Lip liner, Lip Gloss, Eyeliner
Nail Polish, Brushes, Concealer, Mascara, Eye shadow, Foundation, Lip Gloss, Eyeliner
Blush, Bronzer, Lip Gloss, Lipstick
Bag, Concealer, Bronzer, Lip liner, Eye shadow, Eyeliner
Nail Polish, Eye shadow, Foundation, Lip Gloss, Eyeliner
Blush, Foundation, Eyeliner
Nail Polish, Mascara, Eye shadow, Foundation
Nail Polish, Foundation, Eyeliner
Concealer, Foundation
Blush, Concealer, Mascara, Foundation, Lip Gloss, Lipstick, Eyeliner
Bronzer, Lip Gloss, Lipstick
Lipstick
Concealer, Lip liner, Lip Gloss, Eyeliner
Blush, Nail Polish, Foundation, Lip Gloss, Eyeliner
Nail Polish, Mascara, Eye shadow, Lipstick
Mascara, Eyeliner
Blush, Bronzer, Mascara, Eye shadow, Foundation
Foundation, Lip Gloss, Eyeliner
Blush, Nail Polish, Brushes, Concealer, Eyebrow Pencils, Mascara, Eye shadow, Foundation, Lip Gloss, Lipstick, Eyeliner
Blush, Mascara, Eye shadow, Foundation, Lip Gloss
Bronzer, Lip Gloss
Nail Polish, Brushes, Bronzer, Lip liner, Mascara, Eye shadow, Lipstick
Blush, Bronzer, Lip liner
Concealer, Foundation, Lip Gloss, Eyeliner
Eyebrow Pencils, Mascara, Eye shadow, Foundation, Lip Gloss, Lipstick
Nail Polish, Foundation, Lip Gloss, Eyeliner
Concealer, Bronzer, Lip Gloss
Nail Polish, Brushes, Lip liner, Lip Gloss
Concealer, Lip liner, Eye shadow, Lip Gloss, Lipstick
Nail Polish, Brushes, Concealer, Bronzer, Mascara, Eye shadow, Lip Gloss, Eyeliner
Mascara, Eye shadow, Foundation, Lip Gloss, Lipstick
Lipstick
Foundation, Lip Gloss
Mascara, Eye shadow, Foundation, Lip Gloss
Blush, Concealer, Mascara, Eye shadow, Foundation, Lip Gloss, Lipstick
Lip liner, Foundation
Mascara, Eye shadow, Foundation, Lip Gloss
Bronzer, Eye shadow, Foundation
Nail Polish, Brushes, Mascara, Eye shadow, Lipstick
Concealer, Bronzer, Lip Gloss, Eyeliner
Foundation, Lip Gloss, Eyeliner
Blush, Foundation, Lip Gloss, Lipstick, Eyeliner
Bronzer, Lip Gloss
Concealer, Foundation, Lip Gloss, Lipstick, Eyeliner
Foundation, Lip Gloss, Eyeliner
Bronzer, Foundation
Nail Polish, Foundation, Lip Gloss, Eyeliner
Nail Polish, Concealer, Lip liner, Foundation
Blush, Nail Polish, Lipstick
Concealer, Foundation, Lip Gloss, Eyeliner
Eye shadow, Foundation, Lip Gloss, Eyeliner
Nail Polish, Brushes, Concealer, Bronzer, Eye shadow, Foundation, Lipstick
Bag, Blush, Concealer, Bronzer, Mascara, Eye shadow, Foundation, Eyeliner
Concealer
Foundation, Lip Gloss
Nail Polish, Lipstick
Foundation, Lip Gloss
Nail Polish, Lipstick
Concealer, Bronzer, Lip Gloss, Eyeliner
Lipstick, Eyeliner
Blush, Concealer
Blush, Nail Polish, Brushes, Concealer, Bronzer, Mascara, Foundation, Eyeliner
Blush, Concealer, Eyebrow Pencils, Lip liner, Mascara, Eye shadow, Foundation, Lipstick, Eyeliner
Blush, Concealer, Mascara, Eye shadow, Foundation, Eyeliner
Mascara, Foundation, Lip Gloss, Lipstick, Eyeliner
Concealer, Foundation, Lip Gloss
Bronzer, Foundation, Lipstick
Nail Polish
Foundation, Lip Gloss, Eyeliner
Foundation, Lip Gloss, Lipstick, Eyeliner
Blush, Eye shadow, Foundation, Lip Gloss, Lipstick
Foundation, Lip Gloss, Lipstick
Blush, Lipstick
Blush, Concealer, Lip liner, Lip Gloss, Lipstick, Eyeliner
Nail Polish, Concealer, Mascara, Eye shadow, Lipstick, Eyeliner
Bronzer, Lip liner, Foundation, Lip Gloss
Blush, Concealer, Lip liner, Mascara, Eye shadow, Foundation, Eyeliner
Blush, Nail Polish, Brushes, Bronzer, Foundation, Eyeliner
Blush, Concealer, Bronzer, Lip liner, Mascara, Eye shadow, Foundation, Lip Gloss
Nail Polish, Lip liner, Foundation
Blush, Nail Polish, Concealer, Lip liner, Mascara, Eye shadow, Foundation, Lipstick, Eyeliner
Blush, Nail Polish, Concealer, Bronzer, Foundation, Lip Gloss, Lipstick, Eyeliner
Concealer, Lip liner, Lip Gloss, Lipstick, Eyeliner
Blush, Concealer, Lip liner, Foundation, Eyeliner
Blush, Eye shadow, Foundation, Lip Gloss, Eyeliner
Concealer, Bronzer, Foundation, Lip Gloss, Lipstick
Lipstick, Eyeliner
Blush, Nail Polish, Brushes, Concealer, Lip liner, Foundation, Eyeliner
Nail Polish, Bronzer, Mascara, Eye shadow, Lip Gloss
Blush, Concealer
Concealer, Lipstick
Bronzer, Lip liner, Foundation, Lip Gloss
Concealer, Lip liner, Eye shadow, Lip Gloss, Eyeliner
Foundation, Lip Gloss, Eyeliner
Concealer, Lip liner, Mascara, Lip Gloss, Eyeliner
Concealer, Lipstick, Eyeliner
Blush, Foundation, Lip Gloss, Lipstick
Nail Polish, Brushes, Concealer, Mascara, Eye shadow, Eyeliner
Nail Polish, Brushes, Foundation, Lip Gloss, Eyeliner
Blush, Concealer, Mascara, Eye shadow, Foundation, Lip Gloss
Bronzer, Foundation, Eyeliner
Concealer, Bronzer, Lip liner, Mascara, Eye shadow
Mascara, Eye shadow
Concealer, Lip liner, Eye shadow, Lip Gloss, Lipstick
Concealer, Lip liner, Lipstick, Eyeliner
Bronzer, Lip liner, Lipstick
Foundation, Lip Gloss
Foundation, Lip Gloss, Eyeliner
Concealer, Foundation, Lip Gloss, Lipstick, Eyeliner
Concealer, Lip liner, Lip Gloss, Lipstick, Eyeliner
Blush, Nail Polish, Mascara, Eye shadow, Foundation, Lip Gloss, Eyeliner
Concealer, Lipstick, Eyeliner
Lipstick
Eyebrow Pencils, Foundation, Lip Gloss, Lipstick
Blush, Concealer, Eyebrow Pencils, Lip liner, Mascara, Eye shadow, Lipstick
Blush, Concealer, Bronzer, Lip liner, Lipstick, Eyeliner
Blush, Concealer, Lipstick, Eyeliner
Foundation, Lipstick
Blush, Nail Polish, Foundation, Lip Gloss, Lipstick, Eyeliner
Blush, Nail Polish, Brushes, Concealer, Bronzer, Mascara, Eye shadow, Foundation, Lipstick, Eyeliner
Blush, Nail Polish, Brushes, Mascara, Eye shadow, Lipstick, Eyeliner
Foundation, Lip Gloss
Concealer, Bronzer, Lip liner
Lip liner, Foundation
Bag, Blush, Nail Polish, Brushes, Mascara, Eye shadow, Foundation
Concealer, Eye shadow, Foundation, Lip Gloss, Lipstick, Eyeliner
Nail Polish, Brushes, Concealer, Bronzer, Mascara, Eye shadow, Lip Gloss
Eyebrow Pencils, Mascara
Foundation
Blush, Concealer, Mascara, Eye shadow, Foundation
Blush, Nail Polish, Brushes, Mascara, Eye shadow, Lipstick
Mascara, Eye shadow, Foundation, Lip Gloss, Lipstick
Blush, Concealer, Bronzer, Lip liner, Lip Gloss, Lipstick, Eyeliner
Foundation, Lip Gloss, Lipstick
Bronzer, Lip Gloss
Bronzer, Foundation, Lipstick
Blush, Foundation, Lip Gloss
Eyeliner
Concealer, Foundation, Lip Gloss
Concealer, Bronzer, Foundation, Eyeliner
Concealer, Bronzer, Lip liner, Lipstick, Eyeliner
Nail Polish, Bronzer, Eye shadow, Foundation
Blush, Concealer, Lip liner, Mascara, Lip Gloss
Concealer, Lip liner, Foundation
Concealer, Lip liner, Foundation, Eyeliner
Blush, Concealer, Foundation, Lipstick, Eyeliner
Nail Polish, Brushes, Foundation, Lip Gloss
Blush
Mascara, Eye shadow, Foundation, Lip Gloss
Blush, Nail Polish, Concealer, Mascara, Eye shadow, Foundation, Lip Gloss
Blush, Concealer, Lip liner, Mascara, Eye shadow, Eyeliner
Nail Polish, Concealer, Bronzer, Lip Gloss, Eyeliner
Nail Polish, Concealer, Lipstick, Eyeliner
Nail Polish, Brushes, Concealer, Mascara, Eye shadow
Blush, Concealer, Bronzer, Lip Gloss, Lipstick, Eyeliner
Bag, Blush, Nail Polish, Brushes, Concealer, Bronzer, Lip liner, Mascara, Eye shadow
Mascara, Eye shadow, Foundation, Lip Gloss
Nail Polish, Brushes, Foundation, Lip Gloss, Lipstick
Blush, Nail Polish, Brushes, Mascara, Eye shadow, Foundation, Lip Gloss, Lipstick, Eyeliner
Blush, Mascara, Eye shadow
Blush, Mascara, Eye shadow, Lipstick
Blush, Concealer, Bronzer, Mascara, Eye shadow, Lip Gloss
Concealer, Bronzer, Lip liner, Mascara, Eye shadow, Eyeliner
Blush, Lipstick
Blush, Concealer, Foundation, Lip Gloss, Eyeliner
Foundation
Concealer, Foundation, Lip Gloss, Eyeliner
Foundation, Lip Gloss
Bronzer, Foundation, Lipstick
Blush, Foundation, Lip Gloss, Lipstick
Blush, Concealer, Lip liner, Foundation, Lipstick
Mascara, Eye shadow, Foundation, Lip Gloss, Lipstick
Blush, Concealer, Lip liner, Mascara, Eye shadow, Foundation
Blush, Nail Polish, Bronzer, Mascara, Eye shadow, Lip Gloss, Lipstick
Nail Polish, Concealer, Foundation, Lip Gloss, Eyeliner
Blush, Nail Polish, Concealer, Lip liner, Mascara, Eye shadow, Foundation, Eyeliner
Blush, Lipstick, Eyeliner
Concealer, Foundation, Lip Gloss, Lipstick, Eyeliner
Blush, Concealer, Lip liner, Mascara, Eye shadow, Lip Gloss, Lipstick, Eyeliner
Concealer, Mascara
Blush, Mascara, Eye shadow, Lipstick, Eyeliner
Concealer, Bronzer, Lip Gloss, Eyeliner
Blush, Concealer, Mascara, Eye shadow, Eyeliner
Bag, Blush, Concealer, Foundation
Eye shadow, Foundation, Lip Gloss, Lipstick
Foundation, Lip Gloss, Lipstick
Blush, Concealer, Lip liner, Foundation, Lipstick
Concealer, Mascara, Eye shadow, Foundation, Lip Gloss, Lipstick
Blush, Nail Polish, Brushes, Concealer, Bronzer, Lip liner, Mascara, Eye shadow, Eyeliner
Concealer, Foundation, Eyeliner
Blush, Bronzer, Mascara, Eye shadow, Foundation
Blush, Nail Polish, Concealer, Lip liner, Mascara, Eye shadow, Lipstick
Mascara, Eye shadow, Foundation
Concealer, Foundation, Eyeliner
Blush, Foundation, Lip Gloss
Bag, Nail Polish, Brushes, Concealer, Foundation, Lip Gloss, Lipstick, Eyeliner
Bronzer, Lip Gloss, Eyeliner
Concealer, Lipstick, Eyeliner
Foundation, Lip Gloss
Concealer, Lip liner, Eye shadow, Lip Gloss
Nail Polish, Foundation, Lip Gloss
Foundation, Lip Gloss, Eyeliner
Nail Polish, Brushes, Concealer, Lip liner, Eye shadow, Lip Gloss, Eyeliner
Concealer, Bronzer, Eye shadow, Foundation, Eyeliner
Nail Polish
Blush, Foundation, Lip Gloss, Lipstick
Foundation, Lip Gloss, Lipstick
Foundation, Lip Gloss, Lipstick
Blush, Mascara, Eye shadow, Foundation, Lip Gloss
Foundation, Lip Gloss, Lipstick, Eyeliner
Concealer
Lip liner, Lip Gloss, Lipstick
Blush, Nail Polish, Concealer, Eyeliner
Concealer, Eyebrow Pencils, Foundation, Lip Gloss
Blush, Mascara, Eye shadow, Eyeliner
Concealer, Mascara, Eye shadow, Eyeliner
Foundation, Lipstick, Eyeliner
Concealer, Foundation, Lipstick, Eyeliner
Blush, Eye shadow, Foundation, Lip Gloss, Lipstick
Bag, Blush, Nail Polish, Brushes, Concealer, Eyebrow Pencils, Bronzer, Lip liner, Mascara, Eye shadow, Lipstick, Eyeliner
Blush, Nail Polish, Brushes, Foundation, Lip Gloss, Lipstick
Brushes
Bronzer, Lip Gloss, Lipstick
Brushes
Nail Polish, Mascara, Eye shadow, Foundation, Lip Gloss, Lipstick, Eyeliner
Blush, Nail Polish, Mascara, Eye shadow, Foundation, Lip Gloss
Nail Polish, Eye shadow, Foundation, Lip Gloss, Lipstick
Concealer, Eyeliner
Concealer, Eyeliner
Mascara, Eye shadow, Foundation, Lip Gloss, Lipstick
Blush, Nail Polish, Brushes, Concealer, Bronzer, Lip liner, Lip Gloss, Eyeliner
Blush, Concealer
Blush, Concealer, Eyebrow Pencils, Mascara, Eye shadow
Bag, Blush, Nail Polish, Lip liner, Foundation
Concealer, Bronzer, Lip liner, Mascara, Eyeliner
Bag, Blush, Mascara, Foundation, Lip Gloss, Lipstick
Blush, Nail Polish, Foundation, Lip Gloss
Foundation, Lip Gloss, Eyeliner
Blush, Lip liner
Lipstick, Eyeliner
Eyebrow Pencils, Mascara, Eye shadow, Lipstick
Blush, Eyebrow Pencils, Eyeliner
Lip liner, Lip Gloss
Bag, Concealer, Bronzer, Lip liner, Mascara, Eye shadow, Foundation, Lip Gloss, Lipstick
Bag, Brushes
Mascara, Eye shadow, Foundation, Lip Gloss, Lipstick
Concealer, Foundation, Lip Gloss, Eyeliner
Bag, Blush, Concealer, Lip liner, Lip Gloss
Foundation, Lipstick, Eyeliner
Blush, Concealer, Mascara, Eye shadow, Eyeliner
Eyebrow Pencils
Mascara, Foundation, Lip Gloss, Eyeliner
Foundation, Lip Gloss, Lipstick
Bronzer, Foundation, Lip Gloss, Eyeliner
Lipstick
Blush, Nail Polish, Concealer, Bronzer, Lip liner, Mascara, Eye shadow
Blush, Mascara, Eye shadow
Nail Polish, Brushes, Concealer, Eye shadow, Foundation, Lip Gloss, Lipstick, Eyeliner
Concealer, Mascara, Eye shadow, Eyeliner
Blush, Lipstick
Blush, Eye shadow, Foundation, Lip Gloss
Mascara, Eye shadow, Foundation, Eyeliner
Blush, Nail Polish
Blush, Concealer, Bronzer, Mascara, Eye shadow, Foundation
Nail Polish, Concealer, Foundation, Lip Gloss
Foundation, Lip Gloss, Lipstick
Blush, Mascara, Eye shadow, Eyeliner
Mascara, Eye shadow, Foundation, Lip Gloss
Blush, Nail Polish, Brushes, Eyebrow Pencils, Bronzer, Mascara, Eye shadow, Lip Gloss, Lipstick, Eyeliner
Mascara, Eye shadow, Foundation, Lip Gloss
Foundation
Blush, Nail Polish, Concealer, Bronzer, Mascara, Eye shadow, Foundation, Eyeliner
Nail Polish, Foundation, Lip Gloss, Lipstick
Blush, Concealer, Bronzer, Mascara, Eye shadow, Lip Gloss, Eyeliner
Concealer, Foundation, Lip Gloss, Eyeliner
Mascara, Eye shadow
Eyeliner
Eyeliner
Nail Polish, Foundation, Lip Gloss
Blush, Mascara, Eye shadow, Lipstick
Blush, Concealer, Bronzer, Lip liner, Foundation, Lip Gloss, Lipstick, Eyeliner
Concealer, Foundation, Eyeliner
Foundation, Lip Gloss
Foundation, Lip Gloss
Nail Polish, Foundation, Lip Gloss
Blush, Concealer, Bronzer, Lip Gloss, Eyeliner
Brushes, Eyebrow Pencils
Blush, Nail Polish, Concealer, Eyeliner
Nail Polish, Eyebrow Pencils
Blush, Concealer, Mascara, Eye shadow, Eyeliner
Mascara, Eye shadow, Foundation, Lip Gloss, Eyeliner
Blush, Concealer, Bronzer, Lip liner, Foundation, Lip Gloss, Eyeliner
Blush, Concealer, Foundation
Foundation, Lip Gloss
Nail Polish, Concealer, Mascara, Eye shadow, Lipstick, Eyeliner
Mascara, Eye shadow, Foundation
Eyeliner
Lipstick
Nail Polish, Eye shadow
Nail Polish, Mascara
Eyebrow Pencils, Bronzer
Mascara
Foundation, Lip Gloss, Lipstick
Blush, Lipstick
Concealer, Bronzer, Mascara, Eye shadow, Foundation
Eyeliner
Blush, Concealer, Lipstick
Eyeliner
Bronzer, Eye shadow, Foundation, Eyeliner
Eyeliner
Concealer, Mascara, Foundation, Lip Gloss, Eyeliner
Concealer, Lip liner, Lip Gloss
Blush
Blush, Foundation, Lip Gloss
Blush, Eyeliner
Mascara, Eye shadow, Eyeliner
Concealer, Bronzer, Lip Gloss, Eyeliner
Foundation, Lipstick
Foundation, Lip Gloss, Lipstick, Eyeliner
Bronzer, Lip liner, Mascara, Eye shadow, Lip Gloss, Lipstick
Nail Polish, Concealer, Foundation, Lip Gloss, Eyeliner
Bronzer, Foundation, Eyeliner
Lipstick
Mascara, Eye shadow, Foundation, Eyeliner
Concealer, Lip liner, Foundation, Eyeliner
Blush, Nail Polish, Concealer, Mascara, Foundation, Lip Gloss, Eyeliner
Concealer, Foundation, Lip Gloss, Eyeliner
Bag, Blush, Concealer, Eyebrow Pencils, Mascara, Eye shadow, Foundation, Lipstick, Eyeliner
Foundation, Lip Gloss, Lipstick, Eyeliner
Blush, Foundation, Lip Gloss
Nail Polish, Mascara, Eye shadow, Foundation, Lip Gloss
Bag, Blush, Concealer, Eyebrow Pencils, Mascara, Eye shadow, Foundation, Lipstick, Eyeliner
Mascara, Eye shadow, Eyeliner
Nail Polish, Foundation, Lip Gloss, Lipstick, Eyeliner
Blush, Concealer, Lip liner, Lip Gloss, Eyeliner
Eyeliner
Concealer, Lip liner, Lip Gloss, Lipstick, Eyeliner
Foundation, Lip Gloss, Eyeliner
Foundation, Lip Gloss, Eyeliner
Nail Polish, Mascara, Eye shadow, Eyeliner
Foundation, Lip Gloss, Lipstick, Eyeliner
Concealer, Lipstick, Eyeliner
Foundation, Lip Gloss, Eyeliner
Concealer, Eyeliner
Foundation, Lip Gloss
Blush, Foundation, Lip Gloss
Blush, Mascara, Eye shadow, Foundation, Lip Gloss, Lipstick
Foundation, Eyeliner
Concealer, Eye shadow, Foundation, Lip Gloss, Lipstick, Eyeliner
Bag, Blush, Nail Polish, Concealer, Bronzer, Mascara, Eye shadow, Foundation, Lip Gloss, Lipstick, Eyeliner
Blush, Mascara, Eye shadow, Foundation, Lipstick
Nail Polish
Foundation, Lip Gloss, Eyeliner
Foundation
Nail Polish
Mascara, Eye shadow, Foundation, Lip Gloss, Lipstick
Bronzer, Eye shadow, Foundation, Eyeliner
Lipstick
Eye shadow, Foundation, Lip Gloss, Lipstick
Foundation, Lip Gloss
Blush, Foundation, Lip Gloss, Lipstick
Bronzer, Lip Gloss, Lipstick
Nail Polish, Brushes, Bronzer, Mascara, Foundation, Lipstick, Eyeliner
Nail Polish, Brushes, Foundation, Lip Gloss
Nail Polish, Brushes, Concealer, Bronzer, Foundation, Lip Gloss
Bag, Nail Polish, Mascara, Eye shadow, Foundation, Lip Gloss
Blush, Mascara, Eye shadow, Foundation
Nail Polish
Blush, Concealer, Mascara, Foundation, Lip Gloss, Eyeliner
Bronzer, Mascara, Lipstick
Eye shadow, Lip Gloss
Bronzer, Mascara, Eye shadow, Foundation, Eyeliner
Nail Polish, Brushes, Eye shadow
Foundation, Lip Gloss
Concealer, Lip liner, Foundation, Eyeliner
Eye shadow, Foundation, Lip Gloss
Blush, Nail Polish, Mascara, Eye shadow, Foundation, Lip Gloss
Lipstick, Eyeliner
Brushes, Eyebrow Pencils, Lip liner
Blush, Foundation, Lip Gloss
Bag, Eyebrow Pencils, Eyeliner
Blush, Nail Polish, Brushes, Bronzer, Mascara, Eye shadow, Foundation, Lipstick
Blush, Lip liner, Foundation
Blush, Concealer, Lip liner, Mascara, Eye shadow, Lip Gloss, Eyeliner
Blush, Concealer, Eyebrow Pencils, Lip liner, Mascara, Eye shadow, Lipstick, Eyeliner
Foundation, Lip Gloss
Nail Polish, Concealer
Bronzer, Mascara
Bag, Nail Polish, Brushes, Foundation
Nail Polish, Brushes, Concealer, Lip liner, Lip Gloss, Eyeliner
Blush
Eyebrow Pencils, Mascara, Eye shadow, Lipstick
Blush, Lip liner, Mascara, Eye shadow, Foundation
Eyebrow Pencils, Bronzer
Lip liner, Lip Gloss
Blush, Concealer, Bronzer, Mascara, Foundation
Brushes, Lip liner
Nail Polish, Concealer, Lip liner, Mascara, Lip Gloss, Eyeliner
Lipstick, Eyeliner
Nail Polish
Blush, Concealer, Lip liner, Lip Gloss, Eyeliner
Eyeliner
Blush, Foundation, Lip Gloss, Lipstick
Mascara, Eye shadow, Eyeliner
Bronzer, Lip liner
Mascara, Foundation, Lip Gloss
Blush, Nail Polish, Concealer, Lip liner, Lip Gloss
Foundation
Mascara, Eye shadow
Blush, Concealer, Mascara, Eye shadow
Blush, Concealer, Foundation, Lip Gloss, Eyeliner
Blush, Nail Polish, Bronzer, Mascara, Eye shadow, Lip Gloss
Mascara, Eye shadow, Lipstick, Eyeliner
Eye shadow, Foundation, Lip Gloss
Foundation, Lip Gloss
Lip liner, Eye shadow, Lip Gloss
Nail Polish, Foundation, Lip Gloss, Eyeliner
Concealer, Bronzer, Lip liner, Mascara, Eye shadow
Nail Polish, Foundation, Lip Gloss
Concealer, Mascara, Eye shadow, Lipstick, Eyeliner
Blush
Blush, Foundation, Lip Gloss, Lipstick, Eyeliner
Blush, Bronzer, Lip liner, Eye shadow
Concealer
Eyeliner
Concealer, Lipstick, Eyeliner
Blush, Concealer, Lip liner, Foundation, Eyeliner
Foundation, Lip Gloss
Blush, Lip liner, Lip Gloss
Foundation, Lip Gloss
Bag, Brushes, Eyebrow Pencils
Foundation, Lip Gloss, Lipstick
Foundation
Bronzer, Lip Gloss, Eyeliner
Mascara, Eye shadow, Eyeliner
Blush, Nail Polish
Mascara, Eye shadow, Foundation, Lip Gloss
Concealer, Mascara, Eye shadow, Foundation, Lip Gloss, Lipstick
Mascara, Eye shadow, Lipstick, Eyeliner
Eye shadow, Foundation, Lip Gloss, Eyeliner
Nail Polish, Foundation, Lip Gloss, Lipstick, Eyeliner
Concealer, Foundation, Lip Gloss, Eyeliner
Concealer, Mascara, Eye shadow, Foundation, Lip Gloss, Eyeliner
Concealer, Mascara, Eye shadow, Lipstick, Eyeliner
Foundation
Blush, Mascara, Eye shadow, Foundation, Lip Gloss, Eyeliner
Nail Polish, Concealer, Foundation, Lipstick, Eyeliner
Bag, Nail Polish, Brushes, Mascara, Eye shadow
Blush, Nail Polish, Brushes, Foundation, Lip Gloss, Eyeliner
Bag, Nail Polish, Concealer, Bronzer, Eye shadow
Nail Polish, Concealer, Foundation, Lip Gloss
Foundation
Blush, Concealer, Lip liner, Foundation, Lipstick, Eyeliner
Concealer, Bronzer, Lip liner, Foundation, Lip Gloss, Eyeliner
Bronzer, Foundation
Concealer, Lipstick, Eyeliner
Nail Polish, Eyeliner
Blush, Nail Polish, Concealer, Mascara, Eye shadow, Foundation
Blush, Foundation, Lip Gloss
Blush, Eyebrow Pencils, Bronzer, Lip Gloss, Lipstick
Mascara, Eye shadow, Foundation, Lip Gloss, Lipstick, Eyeliner
Blush, Concealer, Bronzer, Lip liner, Mascara, Eye shadow, Foundation, Lip Gloss
Concealer, Lip liner, Foundation, Eyeliner
Blush, Nail Polish, Concealer, Foundation, Lip Gloss, Eyeliner
Concealer, Foundation
Blush, Concealer, Lip liner, Eye shadow, Lip Gloss, Lipstick, Eyeliner
Foundation, Lip Gloss, Lipstick
Nail Polish, Concealer, Foundation, Lip Gloss, Eyeliner
Blush, Nail Polish, Eyeliner
Bag, Nail Polish, Eyebrow Pencils, Lip liner, Foundation
Blush, Nail Polish, Concealer, Mascara, Eye shadow, Foundation, Lip Gloss, Eyeliner
Concealer
Blush, Nail Polish, Concealer, Mascara, Foundation, Lip Gloss
Concealer, Foundation, Lip Gloss, Eyeliner
Lipstick
Nail Polish, Brushes, Mascara, Foundation, Lip Gloss
Mascara, Eye shadow, Foundation, Lip Gloss
Blush
Concealer, Foundation, Lip Gloss, Lipstick, Eyeliner
Blush, Eyebrow Pencils, Mascara, Eye shadow, Eyeliner
Nail Polish, Brushes, Concealer, Bronzer, Lip liner, Mascara, Eye shadow, Foundation, Lip Gloss, Eyeliner
Foundation, Lip Gloss
Blush, Concealer, Lip liner, Mascara, Eye shadow, Lip Gloss, Eyeliner
Eye shadow, Foundation, Lip Gloss
Foundation, Lip Gloss
Blush, Nail Polish, Eyebrow Pencils, Mascara, Eye shadow, Foundation, Lip Gloss
Blush, Concealer, Foundation, Lip Gloss, Eyeliner
Foundation, Lip Gloss
Bag, Nail Polish, Bronzer, Lip liner, Mascara, Eye shadow, Lip Gloss
Foundation, Lip Gloss, Eyeliner
Blush, Concealer, Mascara, Eye shadow, Lipstick
Lipstick
Blush, Eyebrow Pencils, Lipstick
Foundation, Eyeliner
Concealer, Lip liner, Lip Gloss, Lipstick, Eyeliner
Blush, Foundation, Lip Gloss, Eyeliner
Foundation, Lipstick, Eyeliner
Concealer, Eyeliner
Concealer, Foundation, Lip Gloss, Lipstick, Eyeliner
Concealer, Foundation, Eyeliner
Bronzer, Foundation
Blush, Eyebrow Pencils, Eye shadow, Foundation, Lip Gloss, Lipstick
Blush, Lipstick, Eyeliner
Concealer, Eyeliner
Foundation, Lipstick, Eyeliner
Lipstick
Lip liner, Lip Gloss, Lipstick, Eyeliner
Blush, Concealer, Foundation, Lip Gloss
Foundation, Lip Gloss, Lipstick
Blush, Foundation, Lip Gloss
Foundation, Lip Gloss
Foundation, Eyeliner
Bag, Blush, Nail Polish, Brushes, Mascara, Eye shadow, Lipstick
Blush, Mascara, Eye shadow
Eyeliner
Nail Polish, Brushes, Bronzer, Lip liner, Lipstick
Blush, Foundation, Lip Gloss
Lipstick
Concealer, Lip liner, Foundation, Eyeliner
Blush, Nail Polish, Eyeliner
Concealer, Foundation, Lip Gloss
Blush, Mascara, Eye shadow, Foundation, Lip Gloss, Eyeliner
Foundation, Lipstick
Foundation, Lip Gloss, Eyeliner
Eye shadow, Foundation, Lip Gloss
Nail Polish, Lip liner, Lip Gloss, Lipstick
Nail Polish, Eyeliner
Blush, Eye shadow, Foundation, Lip Gloss, Eyeliner
Blush, Foundation, Lip Gloss, Eyeliner
Blush, Nail Polish, Brushes, Mascara, Foundation, Lip Gloss, Eyeliner
Mascara, Eye shadow, Foundation, Lip Gloss
Blush, Foundation, Lip Gloss
Concealer, Mascara, Eye shadow, Foundation, Lip Gloss
Nail Polish, Brushes, Lip liner, Foundation, Lipstick
Eye shadow, Foundation, Lip Gloss, Eyeliner
Nail Polish, Brushes, Concealer, Mascara, Eye shadow
Blush, Foundation
Concealer, Bronzer, Lip liner, Foundation, Lip Gloss
Foundation, Lip Gloss
Eye shadow, Foundation, Lip Gloss
Blush, Concealer, Lip liner, Mascara, Eye shadow, Lip Gloss
Blush
Eyeliner
Nail Polish, Concealer, Foundation, Eyeliner
Nail Polish, Mascara, Eye shadow
Lipstick
Mascara, Eye shadow, Eyeliner
Blush, Mascara, Eye shadow, Foundation, Lip Gloss
Blush, Mascara, Eye shadow, Foundation
Bronzer, Lip liner, Eye shadow, Eyeliner
Bronzer, Mascara, Eye shadow, Foundation
Blush, Nail Polish, Brushes, Lip liner, Foundation, Eyeliner
Concealer, Eyeliner
Blush, Brushes, Eyebrow Pencils
Eyebrow Pencils, Lipstick, Eyeliner
Blush, Concealer, Mascara, Eye shadow, Foundation, Lip Gloss, Eyeliner
Foundation, Lip Gloss, Eyeliner
Lip liner, Foundation
Foundation, Lip Gloss
Concealer, Mascara, Eye shadow, Foundation, Lip Gloss
Mascara, Eye shadow, Foundation
Mascara, Eye shadow, Foundation, Lip Gloss, Lipstick
Foundation
Lipstick, Eyeliner
Nail Polish, Brushes
Concealer, Foundation, Eyeliner
Bronzer, Lip liner, Foundation, Lip Gloss
Blush, Concealer, Bronzer, Lip Gloss, Eyeliner
Nail Polish, Brushes, Concealer, Lip liner, Mascara, Eye shadow, Eyeliner
Concealer, Eyeliner
Mascara, Eye shadow, Foundation, Lip Gloss, Lipstick, Eyeliner
Blush
Foundation, Lip Gloss
Blush, Concealer, Foundation, Lip Gloss, Lipstick, Eyeliner
Blush, Mascara, Eye shadow, Foundation, Lip Gloss
Foundation
Eyeliner
Concealer, Foundation, Eyeliner
Blush
Bag, Lipstick, Eyeliner
Mascara, Eye shadow, Lipstick
Nail Polish, Mascara, Eye shadow
Foundation, Lip Gloss, Lipstick
Mascara, Eye shadow, Foundation, Lip Gloss, Lipstick
Blush, Nail Polish
Nail Polish, Brushes, Bronzer, Lip liner
Blush
Concealer, Bronzer, Mascara, Foundation
Nail Polish, Lipstick
Bag, Mascara, Eye shadow, Foundation, Eyeliner
Lipstick
Mascara, Eye shadow
Blush, Brushes, Lipstick
Nail Polish, Lip Gloss, Lipstick
Foundation, Eyeliner
Eyeliner
Foundation, Lip Gloss
Lip liner, Eye shadow, Lip Gloss, Eyeliner
Blush, Foundation, Lip Gloss
Nail Polish, Brushes, Mascara, Eye shadow, Eyeliner
Foundation, Lip Gloss
Lip liner, Mascara, Lip Gloss
Lipstick
Nail Polish, Bronzer, Mascara, Eye shadow, Lip Gloss
Lipstick
Nail Polish, Brushes, Bronzer, Lip liner
Nail Polish, Brushes
Blush, Lip liner, Lip Gloss
Concealer, Eyeliner
Bag, Blush, Concealer, Mascara, Foundation, Lip Gloss
Nail Polish, Lip liner, Mascara, Eye shadow, Foundation, Lipstick
Foundation, Lip Gloss
Mascara, Eye shadow, Foundation, Lip Gloss
Bag, Nail Polish, Mascara, Eye shadow, Eyeliner
Lipstick, Eyeliner
Lipstick
Concealer, Lip liner, Mascara, Eye shadow, Foundation, Eyeliner
Blush, Mascara, Eye shadow, Foundation, Lip Gloss
Nail Polish, Concealer, Eyebrow Pencils
Foundation, Lip Gloss
Blush, Nail Polish, Brushes, Concealer, Lip liner, Foundation, Lipstick, Eyeliner
Bag, Blush, Concealer, Mascara, Eye shadow, Lipstick, Eyeliner
Concealer, Bronzer, Lip liner, Eye shadow, Eyeliner
